100,No Results Found
101,No Results Found
102,No Results Found
103,No Results Found
104,No Results Found
105,No Results Found
106,No Results Found
107,No Results Found
108,No Results Found
109,No Results Found
110,No Results Found
111,No Results Found
112,No Results Found
113,No Results Found
114,No Results Found
115,No Results Found
116,No Results Found
117,No Results Found
118,No Results Found
119,No Results Found
120,No Results Found
121,No Results Found
122,No Results Found
123,No Results Found
124,No Results Found
125,No Results Found
126,No Results Found
127,No Results Found
128,No Results Found
129,No Results Found
130,No Results Found
131,No Results Found
132,No Results Found
133,No Results Found
134,No Results Found
135,No Results Found
136,No Results Found
137,No Results Found
138,No Results Found
139,No Results Found
140,No Results Found
141,No Results Found
142,No Results Found
143,No Results Found
144,No Results Found
145,No Results Found
146,No Results Found
147,No Results Found
148,No Results Found
149,No Results Found
150,No Results Found
151,No Results Found
152,No Results Found
153,No Results Found
154,No Results Found
155,No Results Found
156,No Results Found
157,No Results Found
158,No Results Found
159,No Results Found
160,No Results Found
161,No Results Found
162,No Results Found
163,No Results Found
164,No Results Found
165,No Results Found
166,No Results Found
167,No Results Found
168,No Results Found
169,No Results Found
170,No Results Found
171,No Results Found
172,No Results Found
173,No Results Found
174,No Results Found
175,No Results Found
176,No Results Found
177,No Results Found
178,No Results Found
179,No Results Found
180,No Results Found
181,No Results Found
182,No Results Found
183,No Results Found
184,No Results Found
185,No Results Found
186,No Results Found
187,No Results Found
188,No Results Found
189,No Results Found
190,No Results Found
191,No Results Found
192,No Results Found
193,No Results Found
194,No Results Found
195,No Results Found
196,No Results Found
197,No Results Found
198,No Results Found
199,No Results Found
200,No Results Found
201,No Results Found
202,No Results Found
203,No Results Found
204,No Results Found
205,No Results Found
206,No Results Found
207,No Results Found
208,No Results Found
209,No Results Found
210,No Results Found
211,No Results Found
212,No Results Found
213,No Results Found
214,No Results Found
215,No Results Found
216,No Results Found
217,No Results Found
218,No Results Found
219,No Results Found
220,No Results Found
221,No Results Found
222,No Results Found
223,No Results Found
224,No Results Found
225,No Results Found
226,No Results Found
227,No Results Found
228,No Results Found
229,No Results Found
230,No Results Found
231,No Results Found
232,No Results Found
233,No Results Found
234,No Results Found
235,No Results Found
236,No Results Found
237,No Results Found
238,No Results Found
239,No Results Found
240,No Results Found
241,No Results Found
242,No Results Found
243,No Results Found
244,No Results Found
245,No Results Found
246,No Results Found
247,No Results Found
248,No Results Found
249,No Results Found
250,No Results Found
251,No Results Found
252,No Results Found
253,No Results Found
254,No Results Found
255,No Results Found
256,No Results Found
257,No Results Found
258,No Results Found
259,No Results Found
260,No Results Found
261,No Results Found
262,No Results Found
263,No Results Found
264,No Results Found
265,No Results Found
266,No Results Found
267,No Results Found
268,No Results Found
269,No Results Found
270,No Results Found
271,No Results Found
272,No Results Found
273,No Results Found
274,No Results Found
275,No Results Found
276,No Results Found
277,No Results Found
278,No Results Found
279,No Results Found
280,No Results Found
281,No Results Found
282,No Results Found
283,No Results Found
284,No Results Found
285,No Results Found
286,No Results Found
287,No Results Found
288,No Results Found
289,No Results Found
290,No Results Found
291,No Results Found
292,No Results Found
293,No Results Found
294,No Results Found
295,No Results Found
296,No Results Found
297,No Results Found
298,No Results Found
299,No Results Found
300,No Results Found
301,No Results Found
302,No Results Found
303,No Results Found
304,No Results Found
305,No Results Found
306,No Results Found
307,No Results Found
308,No Results Found
309,No Results Found
310,No Results Found
311,No Results Found
312,No Results Found
313,No Results Found
314,No Results Found
315,No Results Found
316,No Results Found
317,No Results Found
318,No Results Found
319,No Results Found
320,No Results Found
321,No Results Found
322,No Results Found
323,No Results Found
324,No Results Found
325,No Results Found
326,No Results Found
327,No Results Found
328,No Results Found
329,No Results Found
330,No Results Found
331,No Results Found
332,No Results Found
333,No Results Found
334,No Results Found
335,No Results Found
336,No Results Found
337,No Results Found
338,No Results Found
339,No Results Found
340,No Results Found
341,No Results Found
342,No Results Found
343,No Results Found
344,No Results Found
345,No Results Found
346,No Results Found
347,No Results Found
348,No Results Found
349,No Results Found
350,No Results Found
351,No Results Found
352,No Results Found
353,No Results Found
354,No Results Found
355,No Results Found
356,No Results Found
357,No Results Found
358,No Results Found
359,No Results Found
360,No Results Found
361,No Results Found
362,No Results Found
363,No Results Found
364,No Results Found
365,No Results Found
366,No Results Found
367,No Results Found
368,No Results Found
369,No Results Found
370,No Results Found
371,No Results Found
372,No Results Found
373,No Results Found
374,No Results Found
375,No Results Found
376,No Results Found
377,No Results Found
378,No Results Found
379,No Results Found
380,No Results Found
381,No Results Found
382,No Results Found
383,No Results Found
384,No Results Found
385,No Results Found
386,No Results Found
387,No Results Found
388,No Results Found
389,No Results Found
390,No Results Found
391,No Results Found
392,No Results Found
393,No Results Found
394,No Results Found
395,No Results Found
396,No Results Found
397,No Results Found
398,No Results Found
399,No Results Found
400,No Results Found
401,No Results Found
402,No Results Found
403,No Results Found
404,No Results Found
405,No Results Found
406,No Results Found
407,No Results Found
408,No Results Found
409,No Results Found
410,No Results Found
411,No Results Found
412,No Results Found
413,No Results Found
414,No Results Found
415,No Results Found
416,No Results Found
417,No Results Found
418,No Results Found
419,No Results Found
420,No Results Found
421,No Results Found
422,No Results Found
423,No Results Found
424,No Results Found
425,No Results Found
426,No Results Found
427,No Results Found
428,No Results Found
429,No Results Found
430,No Results Found
431,No Results Found
432,No Results Found
433,No Results Found
434,No Results Found
435,No Results Found
436,No Results Found
437,No Results Found
438,No Results Found
439,No Results Found
440,No Results Found
441,No Results Found
442,No Results Found
443,No Results Found
444,No Results Found
445,No Results Found
446,No Results Found
447,No Results Found
448,No Results Found
449,No Results Found
450,No Results Found
451,No Results Found
452,No Results Found
453,No Results Found
454,No Results Found
455,No Results Found
456,No Results Found
457,No Results Found
458,No Results Found
459,No Results Found
460,No Results Found
461,No Results Found
462,No Results Found
463,No Results Found
464,No Results Found
465,No Results Found
466,No Results Found
467,No Results Found
468,No Results Found
469,No Results Found
470,No Results Found
471,No Results Found
472,No Results Found
473,No Results Found
474,No Results Found
475,No Results Found
476,No Results Found
477,No Results Found
478,No Results Found
479,No Results Found
480,No Results Found
481,No Results Found
482,No Results Found
483,No Results Found
484,No Results Found
485,No Results Found
486,No Results Found
487,Results
488,No Results Found